-- phpMyAdmin SQL Dump
-- version 5.0.4
-- https://www.phpmyadmin.net/
--
-- Host: 127.0.0.1
-- Waktu pembuatan: 03 Jul 2021 pada 15.05
-- Versi server: 10.4.17-MariaDB
-- Versi PHP: 7.2.34

SET SQL_MODE = "NO_AUTO_VALUE_ON_ZERO";
START TRANSACTION;
SET time_zone = "+00:00";


/*!40101 SET @OLD_CHARACTER_SET_CLIENT=@@CHARACTER_SET_CLIENT */;
/*!40101 SET @OLD_CHARACTER_SET_RESULTS=@@CHARACTER_SET_RESULTS */;
/*!40101 SET @OLD_COLLATION_CONNECTION=@@COLLATION_CONNECTION */;
/*!40101 SET NAMES utf8mb4 */;

--
-- Database: `spk_bencana`
--

-- --------------------------------------------------------

--
-- Struktur dari tabel `desa`
--

CREATE TABLE `desa` (
  `id_desa` varchar(15) NOT NULL,
  `nm_desa` varchar(50) NOT NULL,
  `id_kecamatan` varchar(15) NOT NULL,
  `kd_pos` char(5) NOT NULL,
  `prod_padi` double NOT NULL,
  `prod_jagung` double NOT NULL,
  `populasi` int(11) NOT NULL,
  `time_in_ds` timestamp NOT NULL DEFAULT current_timestamp() ON UPDATE current_timestamp()
) ENGINE=InnoDB DEFAULT CHARSET=utf8mb4;

--
-- Dumping data untuk tabel `desa`
--

INSERT INTO `desa` (`id_desa`, `nm_desa`, `id_kecamatan`, `kd_pos`, `prod_padi`, `prod_jagung`, `populasi`, `time_in_ds`) VALUES
('DS0000000000004', 'Ajung', 'KEC000000000004', '68175', 1680.76, 570.76, 5213, '2021-07-02 14:39:20'),
('DS0000000000005', 'Klompangan', 'KEC000000000004', '68175', 1450.76, 234.85, 3021, '2021-07-02 14:40:07'),
('DS0000000000006', 'Mangaran', 'KEC000000000004', '68175', 2870.45, 480.77, 4087, '2021-07-02 14:40:42'),
('DS0000000000007', 'Pancakarya', 'KEC000000000004', '68175', 1509.12, 300.5, 4890, '2021-07-02 14:41:17'),
('DS0000000000008', 'Rowo Indah', 'KEC000000000004', '68175', 1879.23, 367.22, 3902, '2021-07-02 14:41:56'),
('DS0000000000009', 'Sukamakmur', 'KEC000000000004', '68175', 2209.44, 678.22, 5023, '2021-07-02 14:42:15'),
('DS0000000000010', 'Wirowongso', 'KEC000000000004', '68175', 3187.17, 729.09, 5431, '2021-07-02 14:42:41'),
('DS0000000000011', 'Karang Anyar', 'KEC000000000011', '68132', 1209.65, 245.87, 3213, '2021-07-02 14:42:59'),
('DS0000000000012', 'Ambulu', 'KEC000000000011', '68172', 1367.98, 267.99, 4023, '2021-07-02 14:43:22'),
('DS0000000000013', 'Andogsari', 'KEC000000000011', '68172', 1198.09, 267.87, 3789, '2021-07-01 10:09:22'),
('DS0000000000014', 'Pontang', 'KEC000000000011', '68172', 1798.96, 432.89, 4210, '2021-07-01 10:09:54'),
('DS0000000000015', 'Sabrang', 'KEC000000000011', '68172', 1089.98, 120.87, 3250, '2021-07-01 10:10:25'),
('DS0000000000016', 'Sumberrejo', 'KEC000000000011', '68172', 1609.88, 215.78, 3790, '2021-07-01 10:27:11'),
('DS0000000000017', 'Tegalsari', 'KEC000000000011', '68172', 1567.98, 367.21, 4278, '2021-07-01 10:11:36'),
('DS0000000000018', 'Arjasa', 'KEC000000000027', '68191', 1765.81, 379.23, 4786, '2021-07-02 07:54:57'),
('DS0000000000019', 'Biting', 'KEC000000000027', '68191', 1298.26, 270.78, 3432, '2021-07-02 07:55:50'),
('DS0000000000020', 'Candijati', 'KEC000000000027', '68191', 3398.77, 892.76, 5908, '2021-07-02 07:56:51'),
('DS0000000000021', 'Darsono', 'KEC000000000027', '68191', 2987.92, 689.34, 4309, '2021-07-02 07:57:43'),
('DS0000000000022', 'Kamal', 'KEC000000000027', '68191', 1390.27, 230.5, 3478, '2021-07-02 07:58:16'),
('DS0000000000023', 'Kemuninglor', 'KEC000000000027', '68191', 2780.45, 509.45, 3987, '2021-07-02 07:59:02'),
('DS0000000000024', 'Balung Kidul', 'KEC000000000019', '68161', 3689.33, 765.23, 4987, '2021-07-02 08:00:01'),
('DS0000000000025', 'Balung Kulon', 'KEC000000000019', '68161', 2589.23, 309.88, 3982, '2021-07-02 08:00:42'),
('DS0000000000026', 'Balung Lor', 'KEC000000000019', '68161', 2312.22, 234.09, 2903, '2021-07-02 08:01:44'),
('DS0000000000027', 'Curahlele', 'KEC000000000019', '68161', 1872.98, 139.76, 2587, '2021-07-02 08:02:25'),
('DS0000000000028', 'Gumelar', 'KEC000000000019', '68161', 3092.25, 789.39, 4289, '2021-07-02 08:02:57'),
('DS0000000000029', 'Karang Duren', 'KEC000000000019', '68161', 2309.34, 432.98, 3671, '2021-07-02 08:03:39'),
('DS0000000000030', 'Karang Semanding', 'KEC000000000019', '68161', 2568.23, 509.34, 3498, '2021-07-02 08:04:19'),
('DS0000000000031', 'Tutul', 'KEC000000000019', '68161', 1762.98, 197.23, 2987, '2021-07-02 08:04:51'),
('DS0000000000032', 'Badean', 'KEC000000000024', '68154', 4982.98, 1198.22, 6729, '2021-07-02 08:05:42'),
('DS0000000000033', 'Bangalsari', 'KEC000000000024', '68154', 5120.22, 1398.2, 6234, '2021-07-02 08:06:17'),
('DS0000000000034', 'Banjarsari', 'KEC000000000024', '68154', 2349.23, 398.21, 3256, '2021-07-02 08:07:08'),
('DS0000000000035', 'Curah Kalong', 'KEC000000000024', '68154', 2320.43, 232.9, 3210, '2021-07-02 08:07:49'),
('DS0000000000036', 'Gambirono', 'KEC000000000024', '68154', 3409.23, 672.34, 4210, '2021-07-02 08:08:26'),
('DS0000000000037', 'Karangsono', 'KEC000000000024', '68154', 3432.09, 823.2, 4823, '2021-07-02 08:09:11'),
('DS0000000000038', 'Langkap', 'KEC000000000024', '68154', 2309.24, 239.34, 2985, '2021-07-02 08:09:47'),
('DS0000000000039', 'Petung', 'KEC000000000024', '68154', 2896.23, 562.34, 3789, '2021-07-02 08:10:23'),
('DS0000000000040', 'Sukorejo', 'KEC000000000024', '68154', 2902.99, 438.23, 3879, '2021-07-02 08:11:05'),
('DS0000000000041', 'Tisnogambar', 'KEC000000000024', '68154', 2376.23, 490.33, 4029, '2021-07-02 08:11:48'),
('DS0000000000042', 'Tugusari', 'KEC000000000024', '68154', 3423.3, 765.09, 4832, '2021-07-02 08:12:21'),
('DS0000000000043', 'Bagorejo', 'KEC000000000008', '68165', 3987.36, 783.49, 4589, '2021-07-02 10:20:45'),
('DS0000000000044', 'Gumukmas', 'KEC000000000008', '68165', 4276.98, 923.23, 5789, '2021-07-02 10:21:34'),
('DS0000000000045', 'Karang Rejo', 'KEC000000000008', '68165', 2901.21, 390.2, 3145, '2021-07-02 10:22:09'),
('DS0000000000046', 'Kepanjen', 'KEC000000000008', '68165', 1789.23, 190.34, 2678, '2021-07-02 10:22:48'),
('DS0000000000047', 'Mayangan', 'KEC000000000008', '68165', 2341.9, 233.98, 2901, '2021-07-02 10:23:21'),
('DS0000000000048', 'Menampu', 'KEC000000000008', '68165', 3423.87, 548.23, 3765, '2021-07-02 10:24:18'),
('DS0000000000049', 'Purwoasri', 'KEC000000000008', '68165', 2786.22, 367.98, 3421, '2021-07-02 10:25:04'),
('DS0000000000050', 'Tembokrejo', 'KEC000000000008', '68165', 2987.32, 789.32, 4282, '2021-07-02 10:26:07'),
('DS0000000000051', 'Jelbuk', 'KEC000000000031', '68192', 5672.9, 1409.29, 5623, '2021-07-02 10:26:58'),
('DS0000000000052', 'Panduman', 'KEC000000000031', '68192', 3456.28, 345.98, 4235, '2021-07-02 10:30:17'),
('DS0000000000053', 'Suco Pangepok', 'KEC000000000031', '68192', 3129.22, 678.44, 3909, '2021-07-02 10:30:57'),
('DS0000000000054', 'Suger Kidul', 'KEC000000000031', '68192', 2903.09, 346.33, 3765, '2021-07-02 10:31:26'),
('DS0000000000055', 'Suko Jember', 'KEC000000000031', '68192', 2983.07, 376.98, 3652, '2021-07-02 10:32:17'),
('DS0000000000056', 'Sukowiryo', 'KEC000000000031', '68192', 3298.23, 567.29, 3678, '2021-07-02 10:33:09'),
('DS0000000000057', 'Cangkring', 'KEC000000000016', '68171', 4789.33, 1092.23, 5876, '2021-07-02 10:33:48'),
('DS0000000000058', 'Jatimulyo', 'KEC000000000016', '68171', 4102.23, 890.23, 4398, '2021-07-02 10:34:32'),
('DS0000000000059', 'Jatisari', 'KEC000000000016', '68171', 3987.46, 783.45, 4009, '2021-07-02 10:35:03'),
('DS0000000000060', 'Jenggawah', 'KEC000000000016', '68171', 4976.3, 987.34, 5673, '2021-07-02 10:35:36'),
('DS0000000000061', 'Kemuning Sari Kidul', 'KEC000000000016', '68171', 2789.9, 452.33, 3890, '2021-07-02 10:36:18'),
('DS0000000000062', 'Kertonegoro', 'KEC000000000016', '68171', 2783.67, 209.43, 3786, '2021-07-02 10:36:48'),
('DS0000000000063', 'Seruni', 'KEC000000000016', '68171', 2780.88, 276.33, 3872, '2021-07-02 10:37:23'),
('DS0000000000064', 'Wonojati', 'KEC000000000016', '68171', 2903.09, 563.33, 3526, '2021-07-02 10:38:17'),
('DS0000000000065', 'Jombang', 'KEC000000000003', '68168', 4789.22, 1098.29, 5673, '2021-07-02 10:39:23'),
('DS0000000000066', 'Keting', 'KEC000000000003', '68168', 3521.98, 876.22, 4328, '2021-07-02 10:40:03'),
('DS0000000000067', 'Ngampelrejo', 'KEC000000000003', '68168', 3782.9, 763.98, 3892, '2021-07-02 10:40:48'),
('DS0000000000068', 'Padomasan', 'KEC000000000003', '68168', 3212.76, 672.76, 3672, '2021-07-02 10:41:21'),
('DS0000000000069', 'Wringin Agung', 'KEC000000000003', '68168', 3902.07, 983.22, 4321, '2021-07-02 10:42:09'),
('DS0000000000070', 'Plalangan', 'KEC000000000028', '68113', 2983.66, 230.98, 4892, '2021-07-02 10:43:12'),
('DS0000000000071', 'Ajung', 'KEC000000000028', '68193', 4563.29, 987.22, 4983, '2021-07-02 10:43:46'),
('DS0000000000072', 'Gambiran', 'KEC000000000028', '68193', 3542.29, 873.22, 3989, '2021-07-02 10:44:24'),
('DS0000000000073', 'Glagahwero', 'KEC000000000028', '68193', 2987.34, 287.33, 3671, '2021-07-02 10:44:54'),
('DS0000000000074', 'Gumuksari', 'KEC000000000028', '68193', 3412.29, 370.23, 3809, '2021-07-02 10:45:19'),
('DS0000000000075', 'Kalisat', 'KEC000000000028', '68193', 4983.92, 1287.28, 5098, '2021-07-02 10:45:49'),
('DS0000000000076', 'Patempuran', 'KEC000000000028', '68193', 4387.22, 955.82, 4873, '2021-07-02 10:46:39'),
('DS0000000000077', 'Sebanen', 'KEC000000000028', '68193', 2789.39, 298.36, 3123, '2021-07-02 10:47:18'),
('DS0000000000078', 'Sukoreno', 'KEC000000000028', '68193', 2986.7, 347.9, 3210, '2021-07-02 10:47:54'),
('DS0000000000079', 'Sumber Jeruk', 'KEC000000000028', '68193', 3678.22, 563.9, 4332, '2021-07-02 10:48:23'),
('DS0000000000080', 'Sumber Kalong', 'KEC000000000028', '68193', 4109.2, 1109.9, 4332, '2021-07-02 10:49:03'),
('DS0000000000081', 'Sumber Ketempah', 'KEC000000000028', '68193', 2902.9, 289.3, 3453, '2021-07-02 10:49:37'),
('DS0000000000082', 'Jember Kidul', 'KEC000000000032', '68131', 2987.4, 388.9, 4783, '2021-07-02 10:50:18'),
('DS0000000000083', 'Tegal Besar', 'KEC000000000032', '68132', 3287.98, 780.9, 4129, '2021-07-02 10:51:00'),
('DS0000000000084', 'Kaliwates', 'KEC000000000032', '68133', 2982.43, 236.33, 4890, '2021-07-02 10:51:47'),
('DS0000000000085', 'Sempusari', 'KEC000000000032', '68135', 3890.22, 489.3, 4312, '2021-07-02 10:52:22'),
('DS0000000000086', 'Mangli', 'KEC000000000032', '68136', 2789.9, 376.2, 4567, '2021-07-02 10:52:59'),
('DS0000000000087', 'Kebon Agung', 'KEC000000000032', '68137', 2903.3, 270.7, 3782, '2021-07-02 10:53:53'),
('DS0000000000088', 'Kepatihan', 'KEC000000000032', '68137', 2890.1, 360.3, 3509, '2021-07-02 10:54:26'),
('DS0000000000089', 'Cakru', 'KEC000000000002', '68167', 4675.3, 1387.8, 4378, '2021-07-02 11:25:56'),
('DS0000000000090', 'Kencong', 'KEC000000000002', '68167', 4109.35, 890.5, 4789, '2021-07-02 11:27:02'),
('DS0000000000091', 'Kraton', 'KEC000000000002', '68167', 3267.2, 589.9, 3970, '2021-07-02 11:27:42'),
('DS0000000000092', 'Paseban', 'KEC000000000002', '68167', 3900.89, 680.83, 3590, '2021-07-02 11:28:20'),
('DS0000000000093', 'Wonorejo', 'KEC000000000002', '68167', 2900.67, 289.98, 3290, '2021-07-02 11:28:52'),
('DS0000000000094', 'Karang Paiton', 'KEC000000000029', '68196', 3450.3, 489.63, 4278, '2021-07-02 11:29:25'),
('DS0000000000095', 'Ledokombo', 'KEC000000000029', '68196', 3790.87, 765.9, 4109, '2021-07-02 11:30:05'),
('DS0000000000096', 'Lembengan', 'KEC000000000029', '68196', 3241.8, 650.98, 3770, '2021-07-02 11:30:40'),
('DS0000000000097', 'Slateng', 'KEC000000000029', '68196', 3212.12, 321.2, 3890, '2021-07-02 11:31:05'),
('DS0000000000098', 'Sukogidri', 'KEC000000000029', '68196', 3578.87, 893.23, 4009, '2021-07-02 11:31:41'),
('DS0000000000099', 'Sumber Anget', 'KEC000000000029', '68196', 3900.25, 870.98, 4321, '2021-07-02 11:32:33'),
('DS0000000000100', 'Sumber Bulus', 'KEC000000000029', '68196', 2890.22, 240.98, 3190, '2021-07-02 11:33:03'),
('DS0000000000101', 'Sumber Lesung', 'KEC000000000029', '68196', 3109.56, 543.4, 3897, '2021-07-02 11:33:36'),
('DS0000000000102', 'Sumber Salak', 'KEC000000000029', '68196', 2689.9, 278.3, 3189, '2021-07-02 11:34:04'),
('DS0000000000103', 'Suren', 'KEC000000000029', '68196', 3219.2, 670.77, 3456, '2021-07-02 11:34:47'),
('DS0000000000104', 'Tegalrejo', 'KEC000000000014', '68118', 4503.76, 990.22, 4782, '2021-07-02 11:35:22'),
('DS0000000000105', 'Mayang', 'KEC000000000014', '68182', 3990.33, 569.9, 4321, '2021-07-02 11:35:54'),
('DS0000000000106', 'Mrawan', 'KEC000000000014', '68182', 3467.22, 670.95, 3903, '2021-07-02 11:36:26'),
('DS0000000000107', 'Seputih', 'KEC000000000014', '68182', 2900.33, 489.3, 3976, '2021-07-02 11:37:03'),
('DS0000000000108', 'Sidomukti', 'KEC000000000014', '68182', 2870.22, 290.9, 4009, '2021-07-02 11:37:28'),
('DS0000000000109', 'Sumber Kejayan', 'KEC000000000014', '68182', 2987.2, 460.65, 3980, '2021-07-02 11:38:02'),
('DS0000000000110', 'Tegal Waru', 'KEC000000000014', '68182', 3109.4, 690.87, 4001, '2021-07-02 11:38:30'),
('DS0000000000111', 'Karangkedawung', 'KEC000000000015', '68174', 3980.3, 997.9, 4210, '2021-07-02 11:39:09'),
('DS0000000000112', 'Kawangrejo', 'KEC000000000015', '68174', 3560.67, 550.93, 3990, '2021-07-02 11:39:50'),
('DS0000000000113', 'Lampeji', 'KEC000000000015', '68174', 3009.22, 340.3, 3809, '2021-07-02 11:40:17'),
('DS0000000000114', 'Lengkong', 'KEC000000000015', '68174', 4093.33, 1102.39, 3809, '2021-07-02 11:40:51'),
('DS0000000000115', 'Mumbulsari', 'KEC000000000015', '68174', 4309.2, 1356.4, 4560, '2021-07-02 11:41:24'),
('DS0000000000116', 'Suco', 'KEC000000000015', '68174', 3790.35, 897.9, 4120, '2021-07-02 11:41:59'),
('DS0000000000117', 'Tamansari', 'KEC000000000015', '68174', 2789.3, 380.56, 3509, '2021-07-02 11:42:36'),
('DS0000000000118', 'Bedadung', 'KEC000000000006', '68181', 3990.23, 1209.2, 3409, '2021-07-02 11:43:20'),
('DS0000000000119', 'Jatian', 'KEC000000000006', '68181', 3378.9, 490.65, 3940, '2021-07-02 11:43:53'),
('DS0000000000120', 'Kertosari', 'KEC000000000006', '68181', 4390.21, 978.65, 4321, '2021-07-02 11:44:26'),
('DS0000000000121', 'Pakusari', 'KEC000000000006', '68181', 4398.9, 1200.5, 3609, '2021-07-02 11:44:59'),
('DS0000000000122', 'Patemon', 'KEC000000000006', '68181', 3888.9, 289.92, 3567, '2021-07-02 11:45:39'),
('DS0000000000123', 'Subo', 'KEC000000000006', '68181', 3690.29, 478.79, 3566, '2021-07-02 11:46:18'),
('DS0000000000124', 'Sumber Pinang', 'KEC000000000006', '68181', 3200.88, 330.21, 3209, '2021-07-02 11:47:22'),
('DS0000000000125', 'Glagahwero', 'KEC000000000025', '68153', 4500.34, 1489.98, 3670, '2021-07-02 11:48:15'),
('DS0000000000126', 'Kemiri', 'KEC000000000025', '68153', 3789.03, 476.55, 3902, '2021-07-02 11:48:45'),
('DS0000000000127', 'Kemuningsari Lor', 'KEC000000000025', '68153', 3900.2, 445.3, 4100, '2021-07-02 11:49:41'),
('DS0000000000128', 'Pakis', 'KEC000000000025', '68153', 3778.43, 660.5, 3700, '2021-07-02 11:51:18'),
('DS0000000000129', 'Panti', 'KEC000000000025', '68153', 3390.2, 360.75, 4200, '2021-07-02 11:51:55'),
('DS0000000000130', 'Serut', 'KEC000000000025', '68153', 3190.2, 335.9, 3109, '2021-07-02 11:52:33'),
('DS0000000000131', 'Suci', 'KEC000000000025', '68153', 3890.46, 670.76, 4109, '2021-07-02 11:53:12'),
('DS0000000000132', 'Patrang', 'KEC000000000033', '68111', 1987.9, 120.3, 5093, '2021-07-02 12:53:24'),
('DS0000000000133', 'Baratan', 'KEC000000000033', '68112', 2987.76, 290.32, 4990, '2021-07-02 12:54:11'),
('DS0000000000134', 'Bintoro', 'KEC000000000033', '68113', 2789.66, 245.64, 4987, '2021-07-02 12:54:45'),
('DS0000000000135', 'Jumerto', 'KEC000000000033', '68114', 2890.89, 210.92, 4290, '2021-07-02 12:56:02'),
('DS0000000000136', 'Slawu', 'KEC000000000033', '68116', 2609.79, 216.9, 4109, '2021-07-02 12:56:40'),
('DS0000000000137', 'Gebeng', 'KEC000000000033', '68117', 2468.76, 210.29, 4008, '2021-07-02 12:57:15'),
('DS0000000000138', 'Banjar Sengon', 'KEC000000000033', '68118', 3092.29, 288.65, 3987, '2021-07-02 12:58:05'),
('DS0000000000139', 'Jember Lor', 'KEC000000000033', '68118', 3402.3, 385.54, 3902, '2021-07-02 12:58:41'),
('DS0000000000140', 'Bagon', 'KEC000000000009', '68164', 3987.24, 590.43, 3780, '2021-07-02 12:59:53'),
('DS0000000000141', 'Grenden', 'KEC000000000009', '68164', 3600.45, 445.65, 3509, '2021-07-02 13:00:39'),
('DS0000000000142', 'Jambearum', 'KEC000000000009', '68164', 3893.38, 488.96, 4019, '2021-07-02 13:01:17'),
('DS0000000000143', 'Kasiyan', 'KEC000000000009', '68164', 3209.45, 498.43, 3498, '2021-07-02 13:02:39'),
('DS0000000000144', 'Kasiyan Timur', 'KEC000000000009', '68164', 3775.54, 558.76, 3967, '2021-07-02 13:03:26'),
('DS0000000000145', 'Mlokorejo', 'KEC000000000009', '68164', 3756.77, 667.32, 3675, '2021-07-02 13:04:08'),
('DS0000000000146', 'Mojomulyo', 'KEC000000000009', '68164', 3001.23, 549.93, 3776, '2021-07-02 13:04:41'),
('DS0000000000147', 'Mojosari', 'KEC000000000009', '68164', 2976.37, 318.9, 3778, '2021-07-02 13:05:36'),
('DS0000000000148', 'Puger Kulon', 'KEC000000000009', '68164', 3716.39, 378.96, 3980, '2021-07-02 13:09:45'),
('DS0000000000149', 'Puger Wetan', 'KEC000000000009', '68164', 2776.7, 287.65, 3453, '2021-07-02 13:10:22'),
('DS0000000000150', 'Wonosari', 'KEC000000000009', '68164', 3190.44, 445.66, 3876, '2021-07-02 13:11:36'),
('DS0000000000151', 'Wringin Telu', 'KEC000000000009', '68164', 3997.74, 553.55, 4109, '2021-07-02 13:12:19'),
('DS0000000000152', 'Curahmalang', 'KEC000000000018', '68152', 2178.9, 105.65, 5409, '2021-07-02 13:13:20'),
('DS0000000000153', 'Gugut', 'KEC000000000018', '68152', 2498.23, 159.34, 4564, '2021-07-02 13:13:56'),
('DS0000000000154', 'Kaliwining', 'KEC000000000018', '68152', 2234.31, 198.66, 4109, '2021-07-02 13:14:33'),
('DS0000000000155', 'Nogosari', 'KEC000000000018', '68152', 2563.93, 208.23, 3908, '2021-07-02 13:15:06'),
('DS0000000000156', 'Pecoro', 'KEC000000000018', '68152', 2098.21, 177.65, 4001, '2021-07-02 13:15:33'),
('DS0000000000157', 'Rambigundam', 'KEC000000000018', '68152', 2667.22, 218.27, 3896, '2021-07-02 13:16:12'),
('DS0000000000158', 'Rambipuji', 'KEC000000000018', '68152', 1908.23, 113.44, 3675, '2021-07-02 13:16:42'),
('DS0000000000159', 'Rowotamtu', 'KEC000000000018', '68152', 3009.28, 339.22, 3779, '2021-07-02 13:17:30'),
('DS0000000000160', 'Pondok Dalem', 'KEC000000000021', '68157', 3987.09, 558.3, 3456, '2021-07-02 13:18:09'),
('DS0000000000161', 'Pondok Joyo', 'KEC000000000021', '68157', 3990.55, 776.98, 3109, '2021-07-02 13:18:38'),
('DS0000000000162', 'Rejo Agung', 'KEC000000000021', '68157', 4092.91, 876.54, 3298, '2021-07-02 13:19:14'),
('DS0000000000163', 'Semboro', 'KEC000000000021', '68157', 3373.88, 449.23, 3290, '2021-07-02 13:20:06'),
('DS0000000000164', 'Sidomekar', 'KEC000000000021', '68157', 3882.72, 879.91, 3331, '2021-07-02 13:20:53'),
('DS0000000000165', 'Sidomulyo', 'KEC000000000021', '68157', 4012.65, 1209.27, 3109, '2021-07-02 13:21:35'),
('DS0000000000166', 'Garahan', 'KEC000000000013', '68184', 3554.66, 667.99, 2788, '2021-07-02 13:22:18'),
('DS0000000000167', 'Harjomolyo', 'KEC000000000013', '68184', 3774.45, 553.52, 2990, '2021-07-02 13:22:51'),
('DS0000000000168', 'Karangharjo', 'KEC000000000013', '68184', 3210.07, 448.77, 2906, '2021-07-02 13:23:22'),
('DS0000000000169', 'Mulyorejo', 'KEC000000000013', '68184', 3377.56, 778.99, 3019, '2021-07-02 13:23:52'),
('DS0000000000170', 'Pace', 'KEC000000000013', '68184', 3880.89, 672.32, 3210, '2021-07-02 13:24:26'),
('DS0000000000171', 'Sempolan', 'KEC000000000013', '68184', 3920.87, 889.66, 4101, '2021-07-02 13:24:55'),
('DS0000000000172', 'Sidomulyo', 'KEC000000000013', '68184', 3212.29, 557.33, 3990, '2021-07-02 13:25:52'),
('DS0000000000173', 'Silo', 'KEC000000000013', '68184', 3210.88, 440.5, 4103, '2021-07-02 13:26:21'),
('DS0000000000174', 'Sumberjati', 'KEC000000000013', '68184', 3312.09, 776.88, 3776, '2021-07-02 13:26:52'),
('DS0000000000175', 'Dukuh Mencek', 'KEC000000000026', '68151', 4009.9, 1309.34, 3190, '2021-07-02 13:28:01'),
('DS0000000000176', 'Jubung', 'KEC000000000026', '68151', 4223.55, 1500.6, 3011, '2021-07-02 13:28:33'),
('DS0000000000177', 'Karangpring', 'KEC000000000026', '68151', 3998.55, 1009.22, 3290, '2021-07-02 13:29:05'),
('DS0000000000178', 'Kelungkung', 'KEC000000000026', '68151', 3889.9, 995.65, 3115, '2021-07-02 13:29:48'),
('DS0000000000179', 'Sukorambi', 'KEC000000000026', '68151', 3678.97, 876.23, 4018, '2021-07-02 13:30:18'),
('DS0000000000180', 'Arjasa', 'KEC000000000007', '68194', 3389.5, 667.6, 3902, '2021-07-02 13:30:59'),
('DS0000000000181', 'Balet Baru', 'KEC000000000007', '68194', 3444.55, 778.53, 3987, '2021-07-02 13:31:33'),
('DS0000000000182', 'Dawuhan Mangli', 'KEC000000000007', '68194', 3667.9, 779.42, 3770, '2021-07-02 13:32:10'),
('DS0000000000183', 'Mojogeni', 'KEC000000000007', '68194', 3309.9, 443.45, 4012, '2021-07-02 13:32:45'),
('DS0000000000184', 'Pocangan', 'KEC000000000007', '68194', 3302.87, 430.9, 3569, '2021-07-02 13:33:12'),
('DS0000000000185', 'Sukokerto', 'KEC000000000007', '68194', 3378.22, 390.8, 3754, '2021-07-02 13:33:47'),
('DS0000000000186', 'Sukorejo', 'KEC000000000007', '68194', 3998.32, 660.65, 3278, '2021-07-02 13:34:15'),
('DS0000000000187', 'Sukosari', 'KEC000000000007', '68194', 3997.54, 889.76, 3216, '2021-07-02 13:34:44'),
('DS0000000000188', 'Sukowono', 'KEC000000000007', '68194', 3890.56, 779.98, 3672, '2021-07-02 13:35:24'),
('DS0000000000189', 'Sumber Wringin', 'KEC000000000007', '68194', 3871.23, 663.43, 4017, '2021-07-02 13:35:59'),
('DS0000000000190', 'Sumberdanti', 'KEC000000000007', '68194', 3662.33, 884.23, 4167, '2021-07-02 13:36:49'),
('DS0000000000191', 'Sumberwaru', 'KEC000000000007', '68194', 3009.2, 367.9, 4290, '2021-07-02 13:37:21'),
('DS0000000000192', 'Gelang', 'KEC000000000022', '68156', 3887.21, 490.3, 3564, '2021-07-02 13:37:57'),
('DS0000000000193', 'Jambesari', 'KEC000000000022', '68156', 3754.98, 445.09, 4008, '2021-07-02 13:38:40'),
('DS0000000000194', 'Jamintoro', 'KEC000000000022', '68156', 3210.2, 335.77, 3421, '2021-07-02 13:39:09'),
('DS0000000000195', 'Kaliglagah', 'KEC000000000022', '68156', 3987.32, 745.56, 3451, '2021-07-02 13:39:53'),
('DS0000000000196', 'Karang Bayat', 'KEC000000000022', '68156', 3709.89, 883.43, 3778, '2021-07-02 13:40:29'),
('DS0000000000197', 'Jatiroto', 'KEC000000000022', '68156', 4087.99, 1190.5, 3129, '2021-07-02 13:41:44'),
('DS0000000000198', 'Pringgowirawan', 'KEC000000000022', '68156', 3987.11, 783.47, 3760, '2021-07-02 13:42:23'),
('DS0000000000199', 'Rowo Tengah', 'KEC000000000022', '68156', 3190.3, 501.5, 4310, '2021-07-02 13:43:00'),
('DS0000000000200', 'Sumber Agung', 'KEC000000000022', '68156', 3390.5, 448.09, 3098, '2021-07-02 13:43:30'),
('DS0000000000201', 'Yosorati', 'KEC000000000022', '68156', 3498.34, 556.98, 3986, '2021-07-02 13:44:02'),
('DS0000000000202', 'Cumendak', 'KEC000000000005', '68195', 3902.09, 876.9, 4789, '2021-07-02 13:45:04'),
('DS0000000000203', 'Gunung Malang', 'KEC000000000005', '68195', 4561.9, 690.33, 3120, '2021-07-02 13:45:43'),
('DS0000000000204', 'Jambe Arum', 'KEC000000000005', '68195', 4673.21, 1476.46, 3489, '2021-07-02 13:47:08'),
('DS0000000000205', 'Plereyan', 'KEC000000000005', '68195', 4765.2, 1500.67, 2980, '2021-07-02 13:47:47'),
('DS0000000000206', 'Pringgondani', 'KEC000000000005', '68195', 4187.22, 1290.29, 3001, '2021-07-02 13:48:23'),
('DS0000000000207', 'Randu Agung', 'KEC000000000005', '68195', 4210.24, 997.23, 3889, '2021-07-02 13:49:08'),
('DS0000000000208', 'Rowosari', 'KEC000000000005', '68195', 3889.34, 881.23, 4018, '2021-07-02 13:49:35'),
('DS0000000000209', 'Sumber Pakem', 'KEC000000000005', '68195', 4998.5, 1670.5, 2980, '2021-07-02 13:50:15'),
('DS0000000000210', 'Sumberjambe', 'KEC000000000005', '68195', 3990.25, 776.7, 4200, '2021-07-02 13:50:53'),
('DS0000000000211', 'Sumbersari', 'KEC000000000001', '68121', 990.5, 59.34, 7123, '2021-07-02 13:51:56'),
('DS0000000000212', 'Kebonsari', 'KEC000000000001', '68122', 1500.4, 120.39, 5990, '2021-07-02 13:52:24'),
('DS0000000000213', 'Karangrejo', 'KEC000000000001', '68124', 1809.4, 190.23, 4950, '2021-07-02 13:53:06'),
('DS0000000000214', 'Tegal Gede', 'KEC000000000001', '68124', 2873.9, 330.9, 4034, '2021-07-02 13:54:03'),
('DS0000000000215', 'Wirolegi', 'KEC000000000001', '68124', 2560.7, 229.9, 3987, '2021-07-02 13:55:01'),
('DS0000000000216', 'Antirogo', 'KEC000000000001', '68125', 3023.6, 445.6, 3789, '2021-07-02 13:55:35'),
('DS0000000000217', 'Keranjingan', 'KEC000000000001', '68125', 2109.88, 189.9, 3775, '2021-07-02 13:56:36'),
('DS0000000000218', 'Darungan', 'KEC000000000023', '68155', 4340.5, 1670.65, 3210, '2021-07-02 14:02:30'),
('DS0000000000219', 'Klatakan', 'KEC000000000023', '68155', 4309.38, 1109.2, 3340, '2021-07-02 14:03:34'),
('DS0000000000220', 'Kramat Sukoharjo', 'KEC000000000023', '68155', 4590.1, 1300.54, 3014, '2021-07-02 14:05:22'),
('DS0000000000221', 'Manggisan', 'KEC000000000023', '68155', 4667.89, 1289.09, 3567, '2021-07-02 14:06:03'),
('DS0000000000222', 'Patemon', 'KEC000000000023', '68155', 3990.5, 885.67, 4120, '2021-07-02 14:07:16'),
('DS0000000000223', 'Selodakon', 'KEC000000000023', '68155', 4007.32, 1005.57, 3590, '2021-07-02 14:08:01'),
('DS0000000000224', 'Tanggul Kulon', 'KEC000000000023', '68155', 4770.75, 1540.3, 3210, '2021-07-02 14:08:50'),
('DS0000000000225', 'Tanggul Wetan', 'KEC000000000023', '68155', 4120.6, 1187.2, 3778, '2021-07-02 14:09:22'),
('DS0000000000226', 'Andongrejo', 'KEC000000000012', '68173', 4230.34, 1230.45, 2789, '2021-07-02 14:11:06'),
('DS0000000000227', 'Curahnongko', 'KEC000000000012', '68173', 4887.43, 1430.23, 2908, '2021-07-02 14:11:48'),
('DS0000000000228', 'Curahtakir', 'KEC000000000012', '68173', 4209.2, 1098.3, 3006, '2021-07-02 14:12:18'),
('DS0000000000229', 'Pondokrejo', 'KEC000000000012', '68173', 4001.9, 986.29, 3890, '2021-07-02 14:13:17'),
('DS0000000000230', 'Sanenrejo', 'KEC000000000012', '68173', 4245.3, 1142.57, 3992, '2021-07-02 14:14:08'),
('DS0000000000231', 'Sidodadi', 'KEC000000000012', '68173', 3789.5, 784.09, 4019, '2021-07-02 14:14:51'),
('DS0000000000232', 'Tempurejo', 'KEC000000000012', '68173', 3560.3, 775.5, 4102, '2021-07-02 14:15:34'),
('DS0000000000233', 'Wonosari', 'KEC000000000012', '68173', 4256.7, 1349.5, 2984, '2021-07-02 14:16:13'),
('DS0000000000234', 'Gadingrejo', 'KEC000000000020', '68166', 4990.3, 1709.7, 3210, '2021-07-02 14:17:59'),
('DS0000000000235', 'Gunungsari', 'KEC000000000020', '68166', 4786.5, 1673.98, 3109, '2021-07-02 14:18:33'),
('DS0000000000236', 'Mundurejo', 'KEC000000000020', '68166', 4109.35, 1098.44, 3887, '2021-07-02 14:19:50'),
('DS0000000000237', 'Paleran', 'KEC000000000020', '68166', 4390.5, 1230.59, 3109, '2021-07-02 14:24:25'),
('DS0000000000238', 'Sidorejo', 'KEC000000000020', '68166', 4019.2, 1145.4, 3209, '2021-07-02 14:26:42'),
('DS0000000000239', 'Sukoreno', 'KEC000000000020', '68166', 4298.34, 1230.57, 3100, '2021-07-02 14:27:47'),
('DS0000000000240', 'Tanjungsari', 'KEC000000000020', '68166', 3890.5, 987.53, 3887, '2021-07-02 14:29:08'),
('DS0000000000241', 'Tegal Wangi', 'KEC000000000020', '68166', 3990.3, 1198.5, 3340, '2021-07-02 14:31:00'),
('DS0000000000242', 'Umbulrejo', 'KEC000000000020', '68166', 3890.32, 879.09, 4012, '2021-07-02 14:32:07'),
('DS0000000000243', 'Umbulsari', 'KEC000000000020', '68166', 3567.4, 776.34, 4569, '2021-07-02 14:32:48'),
('DS0000000000244', 'Ampel', 'KEC000000000010', '68162', 5043.32, 1509.3, 2978, '2021-07-02 14:33:57'),
('DS0000000000245', 'Dukuh Dempok', 'KEC000000000010', '68162', 5320.2, 1678.45, 2909, '2021-07-02 14:34:29'),
('DS0000000000246', 'Glundengan', 'KEC000000000010', '68162', 5390.21, 1459.47, 3189, '2021-07-02 14:35:17'),
('DS0000000000247', 'Kesilir', 'KEC000000000010', '68162', 4990.67, 1190.23, 2980, '2021-07-02 14:35:56'),
('DS0000000000248', 'Lojejer', 'KEC000000000010', '68162', 4889.9, 1098.23, 3017, '2021-07-02 14:36:34'),
('DS0000000000249', 'Tamansari', 'KEC000000000010', '68162', 5100.4, 1368.65, 2881, '2021-07-02 14:37:09'),
('DS0000000000250', 'Tanjung Rejo', 'KEC000000000010', '68162', 6020.78, 2130.45, 2590, '2021-07-02 14:38:33');

-- --------------------------------------------------------

--
-- Struktur dari tabel `hasil_desa`
--

CREATE TABLE `hasil_desa` (
  `id_hasil` varchar(15) NOT NULL,
  `id_desa` varchar(15) NOT NULL,
  `no` int(11) NOT NULL
) ENGINE=InnoDB DEFAULT CHARSET=utf8mb4;

-- --------------------------------------------------------

--
-- Struktur dari tabel `himpunan_kriteria`
--

CREATE TABLE `himpunan_kriteria` (
  `no` varchar(15) NOT NULL,
  `id_kriteria` varchar(15) NOT NULL,
  `range` varchar(50) NOT NULL,
  `nilai` double NOT NULL,
  `keterangan` varchar(50) NOT NULL,
  `time_in_himp` timestamp NOT NULL DEFAULT current_timestamp() ON UPDATE current_timestamp()
) ENGINE=InnoDB DEFAULT CHARSET=utf8mb4;

--
-- Dumping data untuk tabel `himpunan_kriteria`
--

INSERT INTO `himpunan_kriteria` (`no`, `id_kriteria`, `range`, `nilai`, `keterangan`, `time_in_himp`) VALUES
('HIM000000000001', 'KT0000000000001', 'x&lt;=25', 0.2, '', '2021-06-28 12:42:47'),
('HIM000000000002', 'KT0000000000001', '25&lt;x&lt;=30', 0.4, '', '2021-06-27 16:26:23'),
('HIM000000000003', 'KT0000000000001', '30&lt;x&lt;=35', 0.6, '', '2021-06-27 16:26:31'),
('HIM000000000004', 'KT0000000000001', '35&lt;x&lt;=43', 0.8, '', '2021-06-27 16:26:34'),
('HIM000000000005', 'KT0000000000001', 'x&gt;=44', 1, '', '2021-06-27 16:26:38'),
('HIM000000000006', 'KT0000000000002', 'x&lt;=3', 0.2, '', '2021-06-27 16:27:31'),
('HIM000000000007', 'KT0000000000002', '3&lt;x&lt;=5', 0.4, '', '2021-06-27 16:28:04'),
('HIM000000000008', 'KT0000000000002', '5&lt;x&lt;=10', 0.6, '', '2021-06-27 16:28:46'),
('HIM000000000009', 'KT0000000000002', '10&lt;x&lt;=14', 0.8, '', '2021-06-27 16:29:30'),
('HIM000000000010', 'KT0000000000002', 'x&gt;=15', 1, '', '2021-06-27 16:29:56'),
('HIM000000000011', 'KT0000000000003', 'x&lt;=3', 0.2, '', '2021-06-27 16:30:49'),
('HIM000000000012', 'KT0000000000003', '3&lt;x&lt;=6', 0.4, '', '2021-06-27 16:31:24'),
('HIM000000000013', 'KT0000000000003', '6&lt;x&lt;=15', 0.6, '', '2021-06-27 16:32:17'),
('HIM000000000014', 'KT0000000000003', '15&lt;x&lt;=18', 0.8, '', '2021-06-27 16:32:41'),
('HIM000000000015', 'KT0000000000003', 'x&gt;=19', 1, '', '2021-06-27 16:33:04');

-- --------------------------------------------------------

--
-- Struktur dari tabel `jabatan`
--

CREATE TABLE `jabatan` (
  `id_jabatan` varchar(15) NOT NULL,
  `nm_jabatan` varchar(50) NOT NULL
) ENGINE=InnoDB DEFAULT CHARSET=utf8mb4;

--
-- Dumping data untuk tabel `jabatan`
--

INSERT INTO `jabatan` (`id_jabatan`, `nm_jabatan`) VALUES
('JBT000000000001', 'Admin'),
('JBT000000000002', 'Petugas Lapang');

-- --------------------------------------------------------

--
-- Struktur dari tabel `kecamatan`
--

CREATE TABLE `kecamatan` (
  `id_kecamatan` varchar(15) NOT NULL,
  `nm_kecamatan` varchar(50) NOT NULL,
  `time_in_kec` timestamp NOT NULL DEFAULT current_timestamp() ON UPDATE current_timestamp()
) ENGINE=InnoDB DEFAULT CHARSET=utf8mb4;

--
-- Dumping data untuk tabel `kecamatan`
--

INSERT INTO `kecamatan` (`id_kecamatan`, `nm_kecamatan`, `time_in_kec`) VALUES
('KEC000000000001', 'Sumbersari', '2021-06-16 13:05:16'),
('KEC000000000002', 'Kencong', '2021-06-16 13:05:16'),
('KEC000000000003', 'Jombang', '2021-06-16 13:05:16'),
('KEC000000000004', 'Ajung', '2021-06-16 13:05:16'),
('KEC000000000005', 'Sumberjambe', '2021-06-16 13:05:16'),
('KEC000000000006', 'Pakusari', '2021-06-16 16:51:04'),
('KEC000000000007', 'Sukowono', '2021-06-16 16:51:13'),
('KEC000000000008', 'Gumukmas', '2021-07-01 06:50:33'),
('KEC000000000009', 'Puger', '2021-07-01 06:50:40'),
('KEC000000000010', 'Wuluhan', '2021-07-01 06:50:52'),
('KEC000000000011', 'Ambulu', '2021-07-01 06:50:57'),
('KEC000000000012', 'Tempurejo', '2021-07-01 06:51:11'),
('KEC000000000013', 'Silo', '2021-07-01 06:51:15'),
('KEC000000000014', 'Mayang', '2021-07-01 06:51:30'),
('KEC000000000015', 'Mumbulsari', '2021-07-01 06:51:39'),
('KEC000000000016', 'Jenggawah', '2021-07-01 06:51:46'),
('KEC000000000018', 'Rambipuji', '2021-07-01 06:53:02'),
('KEC000000000019', 'Balung', '2021-07-01 06:53:07'),
('KEC000000000020', 'Umbulsari', '2021-07-01 06:54:12'),
('KEC000000000021', 'Semboro', '2021-07-01 06:54:20'),
('KEC000000000022', 'Sumberbaru', '2021-07-01 06:54:28'),
('KEC000000000023', 'Tanggul', '2021-07-01 06:54:35'),
('KEC000000000024', 'Bangsalsari', '2021-07-01 06:54:47'),
('KEC000000000025', 'Panti', '2021-07-01 06:54:54'),
('KEC000000000026', 'Sukorambi', '2021-07-01 06:55:05'),
('KEC000000000027', 'Arjasa', '2021-07-01 06:55:10'),
('KEC000000000028', 'Kalisat', '2021-07-01 06:55:25'),
('KEC000000000029', 'Ledokombo', '2021-07-01 06:55:32'),
('KEC000000000031', 'Jelbuk', '2021-07-01 06:55:49'),
('KEC000000000032', 'Kaliwates', '2021-07-01 06:55:56'),
('KEC000000000033', 'Patrang', '2021-07-01 06:56:06');

-- --------------------------------------------------------

--
-- Struktur dari tabel `klasifikasi`
--

CREATE TABLE `klasifikasi` (
  `id_klasifikasi` varchar(15) NOT NULL,
  `id_desa` varchar(15) NOT NULL,
  `id_kecamatan` varchar(15) NOT NULL,
  `jml_ketersediaan` int(11) NOT NULL,
  `jml_akses` int(11) NOT NULL,
  `jml_pemanfaatan` int(11) NOT NULL,
  `time_in_kls` timestamp NOT NULL DEFAULT current_timestamp() ON UPDATE current_timestamp()
) ENGINE=InnoDB DEFAULT CHARSET=utf8mb4;

--
-- Dumping data untuk tabel `klasifikasi`
--

INSERT INTO `klasifikasi` (`id_klasifikasi`, `id_desa`, `id_kecamatan`, `jml_ketersediaan`, `jml_akses`, `jml_pemanfaatan`, `time_in_kls`) VALUES
('KLS000000000001', 'DS0000000000003', 'KEC000000000004', 6, 26, 17, '2021-07-01 10:14:33'),
('KLS000000000002', 'DS0000000000005', 'KEC000000000004', 2, 20, 7, '2021-07-01 10:15:23'),
('KLS000000000003', 'DS0000000000006', 'KEC000000000004', 8, 36, 8, '2021-07-01 10:15:55'),
('KLS000000000004', 'DS0000000000007', 'KEC000000000004', 11, 32, 17, '2021-07-01 10:16:56'),
('KLS000000000005', 'DS0000000000008', 'KEC000000000004', 13, 28, 5, '2021-07-01 10:17:35'),
('KLS000000000006', 'DS0000000000009', 'KEC000000000004', 10, 40, 6, '2021-07-01 10:18:05'),
('KLS000000000007', 'DS0000000000010', 'KEC000000000004', 4, 32, 15, '2021-07-01 10:18:36'),
('KLS000000000008', 'DS0000000000011', 'KEC000000000011', 5, 28, 7, '2021-07-01 10:22:40'),
('KLS000000000009', 'DS0000000000012', 'KEC000000000011', 4, 30, 10, '2021-07-01 10:23:10'),
('KLS000000000010', 'DS0000000000013', 'KEC000000000011', 7, 32, 15, '2021-07-01 10:23:36'),
('KLS000000000011', 'DS0000000000014', 'KEC000000000011', 9, 32, 11, '2021-07-01 10:24:08'),
('KLS000000000012', 'DS0000000000015', 'KEC000000000011', 3, 25, 4, '2021-07-01 10:24:39'),
('KLS000000000013', 'DS0000000000017', 'KEC000000000011', 11, 36, 18, '2021-07-01 10:25:13'),
('KLS000000000014', 'DS0000000000016', 'KEC000000000011', 11, 43, 18, '2021-07-01 10:27:45'),
('KLS000000000015', 'DS0000000000004', 'KEC000000000004', 7, 32, 12, '2021-07-02 22:47:40'),
('KLS000000000016', 'DS0000000000018', 'KEC000000000027', 13, 28, 10, '2021-07-02 22:46:08'),
('KLS000000000017', 'DS0000000000020', 'KEC000000000027', 11, 40, 17, '2021-07-02 22:49:08'),
('KLS000000000018', 'DS0000000000021', 'KEC000000000027', 3, 20, 2, '2021-07-02 22:49:57'),
('KLS000000000019', 'DS0000000000022', 'KEC000000000027', 14, 33, 15, '2021-07-02 22:50:42'),
('KLS000000000020', 'DS0000000000023', 'KEC000000000027', 3, 25, 4, '2021-07-02 22:51:31'),
('KLS000000000021', 'DS0000000000024', 'KEC000000000019', 1, 15, 2, '2021-07-02 22:55:07'),
('KLS000000000022', 'DS0000000000025', 'KEC000000000019', 14, 38, 16, '2021-07-02 22:56:05'),
('KLS000000000023', 'DS0000000000026', 'KEC000000000019', 12, 40, 16, '2021-07-02 22:56:46'),
('KLS000000000024', 'DS0000000000027', 'KEC000000000019', 7, 33, 18, '2021-07-02 22:58:03'),
('KLS000000000025', 'DS0000000000028', 'KEC000000000019', 15, 40, 17, '2021-07-02 23:05:44'),
('KLS000000000026', 'DS0000000000029', 'KEC000000000019', 8, 24, 15, '2021-07-02 23:07:25'),
('KLS000000000027', 'DS0000000000030', 'KEC000000000019', 4, 25, 10, '2021-07-02 23:08:15'),
('KLS000000000028', 'DS0000000000031', 'KEC000000000019', 12, 38, 7, '2021-07-02 23:09:11'),
('KLS000000000029', 'DS0000000000032', 'KEC000000000024', 8, 32, 5, '2021-07-02 23:09:58'),
('KLS000000000030', 'DS0000000000033', 'KEC000000000024', 5, 25, 5, '2021-07-02 23:10:50'),
('KLS000000000031', 'DS0000000000034', 'KEC000000000024', 10, 44, 16, '2021-07-02 23:11:31'),
('KLS000000000032', 'DS0000000000035', 'KEC000000000024', 3, 30, 4, '2021-07-02 23:12:26'),
('KLS000000000033', 'DS0000000000036', 'KEC000000000024', 14, 30, 15, '2021-07-03 05:43:01'),
('KLS000000000034', 'DS0000000000037', 'KEC000000000024', 5, 32, 16, '2021-07-03 05:43:33'),
('KLS000000000035', 'DS0000000000038', 'KEC000000000024', 11, 36, 8, '2021-07-03 05:44:00'),
('KLS000000000036', 'DS0000000000039', 'KEC000000000024', 7, 29, 17, '2021-07-03 05:44:33'),
('KLS000000000037', 'DS0000000000040', 'KEC000000000024', 4, 31, 19, '2021-07-03 05:45:05'),
('KLS000000000038', 'DS0000000000041', 'KEC000000000024', 13, 30, 15, '2021-07-03 05:46:54'),
('KLS000000000039', 'DS0000000000042', 'KEC000000000024', 14, 25, 7, '2021-07-03 05:47:38'),
('KLS000000000040', 'DS0000000000043', 'KEC000000000008', 11, 27, 10, '2021-07-03 05:48:48'),
('KLS000000000041', 'DS0000000000044', 'KEC000000000008', 12, 44, 19, '2021-07-03 06:02:00'),
('KLS000000000042', 'DS0000000000045', 'KEC000000000008', 12, 27, 7, '2021-07-03 06:02:44'),
('KLS000000000043', 'DS0000000000046', 'KEC000000000008', 2, 33, 3, '2021-07-03 06:03:28'),
('KLS000000000044', 'DS0000000000047', 'KEC000000000008', 11, 32, 17, '2021-07-03 06:04:03'),
('KLS000000000045', 'DS0000000000048', 'KEC000000000008', 8, 30, 6, '2021-07-03 06:04:55'),
('KLS000000000046', 'DS0000000000049', 'KEC000000000008', 4, 28, 13, '2021-07-03 06:05:32'),
('KLS000000000047', 'DS0000000000050', 'KEC000000000008', 10, 25, 15, '2021-07-03 06:06:14'),
('KLS000000000048', 'DS0000000000051', 'KEC000000000031', 9, 42, 14, '2021-07-03 06:07:06'),
('KLS000000000049', 'DS0000000000052', 'KEC000000000031', 5, 31, 6, '2021-07-03 06:08:30'),
('KLS000000000050', 'DS0000000000053', 'KEC000000000031', 12, 41, 5, '2021-07-03 06:10:39'),
('KLS000000000051', 'DS0000000000054', 'KEC000000000031', 7, 32, 19, '2021-07-03 06:11:51'),
('KLS000000000052', 'DS0000000000055', 'KEC000000000031', 12, 30, 15, '2021-07-03 06:12:32'),
('KLS000000000053', 'DS0000000000056', 'KEC000000000031', 6, 28, 6, '2021-07-03 06:13:15'),
('KLS000000000054', 'DS0000000000057', 'KEC000000000016', 13, 35, 19, '2021-07-03 10:57:50'),
('KLS000000000055', 'DS0000000000058', 'KEC000000000016', 4, 23, 6, '2021-07-03 10:58:36'),
('KLS000000000056', 'DS0000000000059', 'KEC000000000016', 9, 32, 4, '2021-07-03 11:00:07'),
('KLS000000000057', 'DS0000000000060', 'KEC000000000016', 14, 30, 16, '2021-07-03 11:00:41'),
('KLS000000000058', 'DS0000000000061', 'KEC000000000016', 10, 41, 17, '2021-07-03 11:01:12'),
('KLS000000000059', 'DS0000000000062', 'KEC000000000016', 8, 34, 19, '2021-07-03 11:02:50'),
('KLS000000000060', 'DS0000000000063', 'KEC000000000016', 13, 33, 7, '2021-07-03 11:03:15'),
('KLS000000000061', 'DS0000000000064', 'KEC000000000016', 8, 32, 10, '2021-07-03 11:03:46'),
('KLS000000000062', 'DS0000000000065', 'KEC000000000003', 11, 25, 15, '2021-07-03 11:04:33'),
('KLS000000000063', 'DS0000000000066', 'KEC000000000003', 14, 29, 16, '2021-07-03 11:05:07'),
('KLS000000000064', 'DS0000000000067', 'KEC000000000003', 2, 24, 3, '2021-07-03 11:06:08'),
('KLS000000000065', 'DS0000000000068', 'KEC000000000003', 15, 44, 18, '2021-07-03 11:06:32'),
('KLS000000000066', 'DS0000000000069', 'KEC000000000003', 11, 39, 16, '2021-07-03 11:07:02'),
('KLS000000000067', 'DS0000000000070', 'KEC000000000028', 6, 29, 18, '2021-07-03 11:10:34'),
('KLS000000000068', 'DS0000000000071', 'KEC000000000028', 11, 29, 6, '2021-07-03 11:32:28'),
('KLS000000000069', 'DS0000000000072', 'KEC000000000028', 7, 40, 9, '2021-07-03 11:33:02'),
('KLS000000000070', 'DS0000000000073', 'KEC000000000028', 10, 36, 15, '2021-07-03 11:33:26'),
('KLS000000000071', 'DS0000000000074', 'KEC000000000028', 6, 25, 4, '2021-07-03 11:33:49'),
('KLS000000000072', 'DS0000000000075', 'KEC000000000028', 3, 30, 5, '2021-07-03 11:34:19'),
('KLS000000000073', 'DS0000000000076', 'KEC000000000028', 12, 35, 14, '2021-07-03 11:34:42'),
('KLS000000000074', 'DS0000000000077', 'KEC000000000028', 13, 37, 10, '2021-07-03 11:35:05'),
('KLS000000000075', 'DS0000000000078', 'KEC000000000028', 5, 26, 6, '2021-07-03 11:35:25'),
('KLS000000000076', 'DS0000000000079', 'KEC000000000028', 9, 27, 9, '2021-07-03 11:35:50'),
('KLS000000000077', 'DS0000000000080', 'KEC000000000028', 13, 33, 3, '2021-07-03 11:36:28'),
('KLS000000000078', 'DS0000000000081', 'KEC000000000028', 14, 39, 18, '2021-07-03 11:36:50'),
('KLS000000000079', 'DS0000000000082', 'KEC000000000032', 11, 41, 17, '2021-07-03 11:37:22'),
('KLS000000000080', 'DS0000000000083', 'KEC000000000032', 9, 33, 14, '2021-07-03 11:37:41'),
('KLS000000000081', 'DS0000000000084', 'KEC000000000032', 14, 42, 6, '2021-07-03 11:38:08'),
('KLS000000000082', 'DS0000000000085', 'KEC000000000032', 9, 39, 7, '2021-07-03 11:38:30'),
('KLS000000000083', 'DS0000000000086', 'KEC000000000032', 6, 44, 19, '2021-07-03 11:38:48'),
('KLS000000000084', 'DS0000000000087', 'KEC000000000032', 12, 35, 15, '2021-07-03 11:39:08'),
('KLS000000000085', 'DS0000000000088', 'KEC000000000032', 10, 36, 15, '2021-07-03 11:39:33'),
('KLS000000000086', 'DS0000000000089', 'KEC000000000002', 7, 32, 11, '2021-07-03 11:40:03'),
('KLS000000000087', 'DS0000000000090', 'KEC000000000002', 11, 40, 13, '2021-07-03 11:40:30'),
('KLS000000000088', 'DS0000000000091', 'KEC000000000002', 12, 38, 5, '2021-07-03 11:40:53'),
('KLS000000000089', 'DS0000000000092', 'KEC000000000002', 9, 27, 9, '2021-07-03 11:41:24'),
('KLS000000000090', 'DS0000000000093', 'KEC000000000002', 5, 28, 19, '2021-07-03 11:41:47'),
('KLS000000000091', 'DS0000000000094', 'KEC000000000029', 14, 37, 16, '2021-07-03 11:42:34'),
('KLS000000000092', 'DS0000000000095', 'KEC000000000029', 6, 44, 17, '2021-07-03 11:42:56'),
('KLS000000000093', 'DS0000000000096', 'KEC000000000029', 12, 29, 9, '2021-07-03 11:43:22'),
('KLS000000000094', 'DS0000000000097', 'KEC000000000029', 9, 34, 12, '2021-07-03 11:43:45'),
('KLS000000000095', 'DS0000000000098', 'KEC000000000029', 13, 26, 4, '2021-07-03 11:44:20'),
('KLS000000000096', 'DS0000000000099', 'KEC000000000029', 6, 29, 15, '2021-07-03 11:44:42'),
('KLS000000000097', 'DS0000000000100', 'KEC000000000029', 3, 27, 7, '2021-07-03 11:45:15'),
('KLS000000000098', 'DS0000000000101', 'KEC000000000029', 15, 44, 18, '2021-07-03 11:45:46'),
('KLS000000000099', 'DS0000000000102', 'KEC000000000029', 11, 34, 16, '2021-07-03 11:46:08'),
('KLS000000000100', 'DS0000000000103', 'KEC000000000029', 4, 26, 11, '2021-07-03 11:46:32'),
('KLS000000000101', 'DS0000000000104', 'KEC000000000014', 13, 40, 13, '2021-07-03 11:47:07'),
('KLS000000000102', 'DS0000000000105', 'KEC000000000014', 7, 36, 7, '2021-07-03 11:47:28'),
('KLS000000000103', 'DS0000000000106', 'KEC000000000014', 8, 26, 11, '2021-07-03 11:47:54'),
('KLS000000000104', 'DS0000000000107', 'KEC000000000014', 15, 35, 8, '2021-07-03 11:49:23'),
('KLS000000000105', 'DS0000000000108', 'KEC000000000014', 14, 36, 5, '2021-07-03 11:49:47'),
('KLS000000000106', 'DS0000000000109', 'KEC000000000014', 7, 29, 18, '2021-07-03 11:50:09'),
('KLS000000000107', 'DS0000000000110', 'KEC000000000014', 15, 25, 16, '2021-07-03 11:50:33'),
('KLS000000000108', 'DS0000000000111', 'KEC000000000015', 6, 44, 12, '2021-07-03 11:50:54'),
('KLS000000000109', 'DS0000000000112', 'KEC000000000015', 13, 25, 14, '2021-07-03 11:51:17'),
('KLS000000000110', 'DS0000000000113', 'KEC000000000015', 10, 33, 14, '2021-07-03 11:51:47'),
('KLS000000000111', 'DS0000000000114', 'KEC000000000015', 8, 36, 11, '2021-07-03 11:54:56'),
('KLS000000000112', 'DS0000000000115', 'KEC000000000015', 7, 26, 8, '2021-07-03 11:55:24'),
('KLS000000000113', 'DS0000000000116', 'KEC000000000015', 10, 37, 9, '2021-07-03 11:55:45'),
('KLS000000000114', 'DS0000000000117', 'KEC000000000015', 12, 43, 7, '2021-07-03 11:56:32'),
('KLS000000000115', 'DS0000000000118', 'KEC000000000006', 14, 40, 11, '2021-07-03 11:57:16'),
('KLS000000000116', 'DS0000000000119', 'KEC000000000006', 5, 25, 14, '2021-07-03 11:57:43'),
('KLS000000000117', 'DS0000000000120', 'KEC000000000006', 8, 33, 5, '2021-07-03 11:58:03'),
('KLS000000000118', 'DS0000000000121', 'KEC000000000006', 4, 35, 5, '2021-07-03 11:58:33'),
('KLS000000000119', 'DS0000000000122', 'KEC000000000006', 13, 36, 6, '2021-07-03 11:58:59'),
('KLS000000000120', 'DS0000000000123', 'KEC000000000006', 15, 28, 6, '2021-07-03 11:59:34'),
('KLS000000000121', 'DS0000000000124', 'KEC000000000006', 12, 39, 11, '2021-07-03 12:00:05'),
('KLS000000000122', 'DS0000000000125', 'KEC000000000025', 7, 30, 4, '2021-07-03 12:00:45'),
('KLS000000000123', 'DS0000000000126', 'KEC000000000025', 6, 35, 19, '2021-07-03 12:01:20'),
('KLS000000000124', 'DS0000000000127', 'KEC000000000025', 9, 33, 10, '2021-07-03 12:04:48'),
('KLS000000000125', 'DS0000000000128', 'KEC000000000025', 15, 40, 12, '2021-07-03 12:05:06'),
('KLS000000000126', 'DS0000000000129', 'KEC000000000025', 6, 42, 5, '2021-07-03 12:05:25'),
('KLS000000000127', 'DS0000000000130', 'KEC000000000025', 12, 28, 12, '2021-07-03 12:05:49'),
('KLS000000000128', 'DS0000000000131', 'KEC000000000025', 11, 36, 8, '2021-07-03 12:06:09'),
('KLS000000000129', 'DS0000000000132', 'KEC000000000033', 15, 32, 14, '2021-07-03 12:06:32'),
('KLS000000000130', 'DS0000000000133', 'KEC000000000033', 8, 26, 14, '2021-07-03 12:06:53'),
('KLS000000000131', 'DS0000000000134', 'KEC000000000033', 15, 43, 17, '2021-07-03 12:07:13'),
('KLS000000000132', 'DS0000000000135', 'KEC000000000033', 11, 32, 9, '2021-07-03 12:07:41'),
('KLS000000000133', 'DS0000000000136', 'KEC000000000033', 13, 33, 6, '2021-07-03 12:08:01'),
('KLS000000000134', 'DS0000000000137', 'KEC000000000033', 7, 26, 19, '2021-07-03 12:08:20'),
('KLS000000000135', 'DS0000000000138', 'KEC000000000033', 15, 37, 8, '2021-07-03 12:08:38'),
('KLS000000000136', 'DS0000000000139', 'KEC000000000033', 7, 26, 13, '2021-07-03 12:08:57'),
('KLS000000000137', 'DS0000000000140', 'KEC000000000009', 3, 29, 13, '2021-07-03 12:10:48'),
('KLS000000000138', 'DS0000000000141', 'KEC000000000009', 12, 44, 17, '2021-07-03 12:11:13'),
('KLS000000000139', 'DS0000000000142', 'KEC000000000009', 6, 32, 18, '2021-07-03 12:11:32'),
('KLS000000000140', 'DS0000000000143', 'KEC000000000009', 15, 31, 7, '2021-07-03 12:11:51'),
('KLS000000000141', 'DS0000000000144', 'KEC000000000009', 6, 41, 12, '2021-07-03 12:12:11'),
('KLS000000000142', 'DS0000000000145', 'KEC000000000009', 13, 28, 5, '2021-07-03 12:12:35'),
('KLS000000000143', 'DS0000000000146', 'KEC000000000009', 7, 34, 19, '2021-07-03 12:13:07'),
('KLS000000000144', 'DS0000000000147', 'KEC000000000009', 7, 35, 12, '2021-07-03 12:13:32'),
('KLS000000000145', 'DS0000000000148', 'KEC000000000009', 11, 25, 9, '2021-07-03 12:14:01'),
('KLS000000000146', 'DS0000000000149', 'KEC000000000009', 4, 32, 15, '2021-07-03 12:14:23'),
('KLS000000000147', 'DS0000000000150', 'KEC000000000009', 14, 38, 16, '2021-07-03 12:14:45'),
('KLS000000000148', 'DS0000000000151', 'KEC000000000009', 3, 31, 6, '2021-07-03 12:15:07'),
('KLS000000000149', 'DS0000000000152', 'KEC000000000018', 12, 29, 4, '2021-07-03 12:17:12'),
('KLS000000000150', 'DS0000000000153', 'KEC000000000018', 13, 36, 11, '2021-07-03 12:17:38'),
('KLS000000000151', 'DS0000000000154', 'KEC000000000018', 8, 35, 6, '2021-07-03 12:17:59'),
('KLS000000000152', 'DS0000000000155', 'KEC000000000018', 11, 44, 9, '2021-07-03 12:18:18'),
('KLS000000000153', 'DS0000000000156', 'KEC000000000018', 15, 42, 16, '2021-07-03 12:18:38'),
('KLS000000000154', 'DS0000000000157', 'KEC000000000018', 6, 31, 12, '2021-07-03 12:19:12'),
('KLS000000000155', 'DS0000000000158', 'KEC000000000018', 10, 33, 7, '2021-07-03 12:19:31'),
('KLS000000000156', 'DS0000000000159', 'KEC000000000018', 10, 42, 19, '2021-07-03 12:19:49'),
('KLS000000000157', 'DS0000000000160', 'KEC000000000021', 7, 35, 8, '2021-07-03 12:20:22'),
('KLS000000000158', 'DS0000000000161', 'KEC000000000021', 3, 26, 7, '2021-07-03 12:21:30'),
('KLS000000000159', 'DS0000000000162', 'KEC000000000021', 6, 34, 14, '2021-07-03 12:21:50'),
('KLS000000000160', 'DS0000000000163', 'KEC000000000021', 8, 28, 13, '2021-07-03 12:22:13'),
('KLS000000000161', 'DS0000000000164', 'KEC000000000021', 14, 33, 12, '2021-07-03 12:22:32'),
('KLS000000000162', 'DS0000000000165', 'KEC000000000021', 11, 26, 4, '2021-07-03 12:22:59'),
('KLS000000000163', 'DS0000000000166', 'KEC000000000013', 6, 27, 9, '2021-07-03 12:23:28'),
('KLS000000000164', 'DS0000000000167', 'KEC000000000013', 11, 37, 17, '2021-07-03 12:23:48'),
('KLS000000000165', 'DS0000000000168', 'KEC000000000013', 15, 35, 11, '2021-07-03 12:24:07'),
('KLS000000000166', 'DS0000000000169', 'KEC000000000013', 12, 44, 16, '2021-07-03 12:24:26'),
('KLS000000000167', 'DS0000000000170', 'KEC000000000013', 9, 25, 6, '2021-07-03 12:24:48'),
('KLS000000000168', 'DS0000000000171', 'KEC000000000013', 15, 37, 8, '2021-07-03 12:25:07'),
('KLS000000000169', 'DS0000000000172', 'KEC000000000013', 7, 29, 4, '2021-07-03 12:25:29'),
('KLS000000000170', 'DS0000000000173', 'KEC000000000013', 7, 35, 17, '2021-07-03 12:26:08'),
('KLS000000000171', 'DS0000000000174', 'KEC000000000013', 14, 33, 8, '2021-07-03 12:26:30'),
('KLS000000000172', 'DS0000000000175', 'KEC000000000026', 5, 28, 9, '2021-07-03 12:27:04'),
('KLS000000000173', 'DS0000000000176', 'KEC000000000026', 15, 37, 17, '2021-07-03 12:27:25'),
('KLS000000000174', 'DS0000000000177', 'KEC000000000026', 7, 38, 11, '2021-07-03 12:27:44'),
('KLS000000000175', 'DS0000000000178', 'KEC000000000026', 10, 43, 7, '2021-07-03 12:28:04'),
('KLS000000000176', 'DS0000000000179', 'KEC000000000026', 15, 39, 17, '2021-07-03 12:28:36'),
('KLS000000000177', 'DS0000000000180', 'KEC000000000007', 6, 30, 11, '2021-07-03 12:30:15'),
('KLS000000000178', 'DS0000000000181', 'KEC000000000007', 15, 27, 10, '2021-07-03 12:30:46'),
('KLS000000000179', 'DS0000000000182', 'KEC000000000007', 3, 38, 17, '2021-07-03 12:31:10'),
('KLS000000000180', 'DS0000000000183', 'KEC000000000007', 11, 29, 5, '2021-07-03 12:31:33'),
('KLS000000000181', 'DS0000000000184', 'KEC000000000007', 7, 36, 16, '2021-07-03 12:31:58'),
('KLS000000000182', 'DS0000000000185', 'KEC000000000007', 14, 37, 13, '2021-07-03 12:32:27'),
('KLS000000000183', 'DS0000000000186', 'KEC000000000007', 4, 40, 7, '2021-07-03 12:32:53'),
('KLS000000000184', 'DS0000000000187', 'KEC000000000007', 11, 26, 4, '2021-07-03 12:33:18'),
('KLS000000000185', 'DS0000000000188', 'KEC000000000007', 8, 34, 10, '2021-07-03 12:34:45'),
('KLS000000000186', 'DS0000000000189', 'KEC000000000007', 6, 39, 7, '2021-07-03 12:35:21'),
('KLS000000000187', 'DS0000000000190', 'KEC000000000007', 12, 29, 11, '2021-07-03 12:35:44'),
('KLS000000000188', 'DS0000000000191', 'KEC000000000007', 9, 30, 10, '2021-07-03 12:36:04'),
('KLS000000000189', 'DS0000000000192', 'KEC000000000022', 4, 32, 16, '2021-07-03 12:36:36'),
('KLS000000000190', 'DS0000000000193', 'KEC000000000022', 12, 35, 12, '2021-07-03 12:36:56'),
('KLS000000000191', 'DS0000000000194', 'KEC000000000022', 10, 44, 6, '2021-07-03 12:37:18'),
('KLS000000000192', 'DS0000000000195', 'KEC000000000022', 14, 33, 10, '2021-07-03 12:37:38'),
('KLS000000000193', 'DS0000000000196', 'KEC000000000022', 5, 42, 5, '2021-07-03 12:38:06'),
('KLS000000000194', 'DS0000000000197', 'KEC000000000022', 15, 43, 14, '2021-07-03 12:38:31'),
('KLS000000000195', 'DS0000000000198', 'KEC000000000022', 15, 37, 19, '2021-07-03 12:38:48'),
('KLS000000000196', 'DS0000000000199', 'KEC000000000022', 8, 27, 13, '2021-07-03 12:39:08'),
('KLS000000000197', 'DS0000000000200', 'KEC000000000022', 13, 40, 16, '2021-07-03 12:39:24'),
('KLS000000000198', 'DS0000000000201', 'KEC000000000022', 7, 33, 17, '2021-07-03 12:39:40'),
('KLS000000000199', 'DS0000000000202', 'KEC000000000005', 4, 27, 14, '2021-07-03 12:40:04'),
('KLS000000000200', 'DS0000000000203', 'KEC000000000005', 6, 30, 18, '2021-07-03 12:40:24'),
('KLS000000000201', 'DS0000000000204', 'KEC000000000005', 13, 41, 16, '2021-07-03 12:40:44'),
('KLS000000000202', 'DS0000000000205', 'KEC000000000005', 9, 34, 6, '2021-07-03 12:41:08'),
('KLS000000000203', 'DS0000000000206', 'KEC000000000005', 15, 42, 18, '2021-07-03 12:41:37'),
('KLS000000000204', 'DS0000000000207', 'KEC000000000005', 10, 38, 12, '2021-07-03 12:41:58'),
('KLS000000000205', 'DS0000000000208', 'KEC000000000005', 13, 40, 12, '2021-07-03 12:42:25'),
('KLS000000000206', 'DS0000000000209', 'KEC000000000005', 15, 27, 9, '2021-07-03 12:42:48'),
('KLS000000000207', 'DS0000000000210', 'KEC000000000005', 7, 27, 8, '2021-07-03 12:43:09'),
('KLS000000000208', 'DS0000000000211', 'KEC000000000001', 15, 39, 14, '2021-07-03 12:43:30'),
('KLS000000000209', 'DS0000000000212', 'KEC000000000001', 10, 35, 9, '2021-07-03 12:43:54'),
('KLS000000000210', 'DS0000000000213', 'KEC000000000001', 8, 29, 18, '2021-07-03 12:44:20'),
('KLS000000000211', 'DS0000000000214', 'KEC000000000001', 11, 30, 6, '2021-07-03 12:44:47'),
('KLS000000000212', 'DS0000000000215', 'KEC000000000001', 14, 33, 15, '2021-07-03 12:45:10'),
('KLS000000000213', 'DS0000000000216', 'KEC000000000001', 8, 27, 16, '2021-07-03 12:45:37'),
('KLS000000000214', 'DS0000000000217', 'KEC000000000001', 13, 43, 11, '2021-07-03 12:46:03'),
('KLS000000000215', 'DS0000000000218', 'KEC000000000023', 8, 27, 4, '2021-07-03 12:46:31'),
('KLS000000000216', 'DS0000000000219', 'KEC000000000023', 7, 26, 11, '2021-07-03 12:52:25'),
('KLS000000000217', 'DS0000000000220', 'KEC000000000023', 3, 36, 7, '2021-07-03 12:52:49'),
('KLS000000000218', 'DS0000000000221', 'KEC000000000023', 11, 33, 15, '2021-07-03 12:53:10'),
('KLS000000000219', 'DS0000000000222', 'KEC000000000023', 15, 44, 19, '2021-07-03 12:53:25'),
('KLS000000000220', 'DS0000000000223', 'KEC000000000023', 13, 35, 9, '2021-07-03 12:53:47'),
('KLS000000000221', 'DS0000000000224', 'KEC000000000023', 7, 26, 13, '2021-07-03 12:54:06'),
('KLS000000000222', 'DS0000000000225', 'KEC000000000023', 5, 34, 17, '2021-07-03 12:54:21'),
('KLS000000000223', 'DS0000000000226', 'KEC000000000012', 4, 28, 6, '2021-07-03 12:54:50'),
('KLS000000000224', 'DS0000000000227', 'KEC000000000012', 7, 33, 10, '2021-07-03 12:55:13'),
('KLS000000000225', 'DS0000000000228', 'KEC000000000012', 10, 29, 19, '2021-07-03 12:55:32'),
('KLS000000000226', 'DS0000000000229', 'KEC000000000012', 11, 39, 7, '2021-07-03 12:55:53'),
('KLS000000000227', 'DS0000000000230', 'KEC000000000012', 8, 42, 11, '2021-07-03 12:56:26'),
('KLS000000000228', 'DS0000000000231', 'KEC000000000012', 12, 44, 14, '2021-07-03 12:56:43'),
('KLS000000000229', 'DS0000000000232', 'KEC000000000012', 13, 36, 15, '2021-07-03 12:57:06'),
('KLS000000000230', 'DS0000000000233', 'KEC000000000012', 7, 33, 16, '2021-07-03 12:57:24'),
('KLS000000000231', 'DS0000000000234', 'KEC000000000020', 3, 27, 16, '2021-07-03 12:57:44'),
('KLS000000000232', 'DS0000000000235', 'KEC000000000020', 8, 40, 11, '2021-07-03 12:58:07'),
('KLS000000000233', 'DS0000000000236', 'KEC000000000020', 11, 35, 17, '2021-07-03 12:58:26'),
('KLS000000000234', 'DS0000000000237', 'KEC000000000020', 5, 35, 16, '2021-07-03 12:58:50'),
('KLS000000000235', 'DS0000000000238', 'KEC000000000020', 9, 27, 5, '2021-07-03 12:59:06'),
('KLS000000000236', 'DS0000000000239', 'KEC000000000020', 7, 44, 13, '2021-07-03 12:59:26'),
('KLS000000000237', 'DS0000000000240', 'KEC000000000020', 12, 32, 15, '2021-07-03 12:59:46'),
('KLS000000000238', 'DS0000000000241', 'KEC000000000020', 5, 34, 9, '2021-07-03 13:00:12'),
('KLS000000000239', 'DS0000000000242', 'KEC000000000020', 4, 26, 9, '2021-07-03 13:00:30'),
('KLS000000000240', 'DS0000000000243', 'KEC000000000020', 12, 37, 17, '2021-07-03 13:00:52'),
('KLS000000000241', 'DS0000000000244', 'KEC000000000010', 7, 35, 12, '2021-07-03 13:01:23'),
('KLS000000000242', 'DS0000000000245', 'KEC000000000010', 4, 41, 5, '2021-07-03 13:01:47'),
('KLS000000000243', 'DS0000000000246', 'KEC000000000010', 14, 44, 13, '2021-07-03 13:02:08'),
('KLS000000000244', 'DS0000000000247', 'KEC000000000010', 10, 33, 11, '2021-07-03 13:02:32'),
('KLS000000000245', 'DS0000000000248', 'KEC000000000010', 13, 40, 16, '2021-07-03 13:02:52'),
('KLS000000000246', 'DS0000000000249', 'KEC000000000010', 6, 33, 19, '2021-07-03 13:03:14'),
('KLS000000000247', 'DS0000000000250', 'KEC000000000010', 12, 42, 19, '2021-07-03 13:03:39');

-- --------------------------------------------------------

--
-- Struktur dari tabel `kriteria`
--

CREATE TABLE `kriteria` (
  `id_kriteria` varchar(15) NOT NULL,
  `nm_kriteria` varchar(50) NOT NULL,
  `time_in_kt` timestamp NOT NULL DEFAULT current_timestamp() ON UPDATE current_timestamp()
) ENGINE=InnoDB DEFAULT CHARSET=utf8mb4;

--
-- Dumping data untuk tabel `kriteria`
--

INSERT INTO `kriteria` (`id_kriteria`, `nm_kriteria`, `time_in_kt`) VALUES
('KT0000000000001', 'Akses Pangan', '2021-06-27 13:30:53'),
('KT0000000000002', 'Ketersediaan Pangan', '2021-06-27 13:31:31'),
('KT0000000000003', 'Pemanfaatan Pangan', '2021-06-27 13:31:48');

-- --------------------------------------------------------

--
-- Struktur dari tabel `user`
--

CREATE TABLE `user` (
  `id_user` varchar(15) NOT NULL,
  `nama` varchar(50) NOT NULL,
  `username` varchar(50) NOT NULL,
  `password` varchar(128) NOT NULL,
  `id_jabatan` varchar(15) NOT NULL
) ENGINE=InnoDB DEFAULT CHARSET=utf8mb4;

--
-- Dumping data untuk tabel `user`
--

INSERT INTO `user` (`id_user`, `nama`, `username`, `password`, `id_jabatan`) VALUES
('USR000000000001', 'Alex Kuproy', 'kuproy77', '', 'JBT000000000001');

--
-- Indexes for dumped tables
--

--
-- Indeks untuk tabel `desa`
--
ALTER TABLE `desa`
  ADD PRIMARY KEY (`id_desa`),
  ADD KEY `id_kecamatan` (`id_kecamatan`);

--
-- Indeks untuk tabel `hasil_desa`
--
ALTER TABLE `hasil_desa`
  ADD PRIMARY KEY (`id_hasil`),
  ADD KEY `id_desa` (`id_desa`);

--
-- Indeks untuk tabel `himpunan_kriteria`
--
ALTER TABLE `himpunan_kriteria`
  ADD PRIMARY KEY (`no`),
  ADD KEY `id_kriteria` (`id_kriteria`);

--
-- Indeks untuk tabel `jabatan`
--
ALTER TABLE `jabatan`
  ADD PRIMARY KEY (`id_jabatan`);

--
-- Indeks untuk tabel `kecamatan`
--
ALTER TABLE `kecamatan`
  ADD PRIMARY KEY (`id_kecamatan`);

--
-- Indeks untuk tabel `klasifikasi`
--
ALTER TABLE `klasifikasi`
  ADD PRIMARY KEY (`id_klasifikasi`),
  ADD KEY `id_desa` (`id_desa`),
  ADD KEY `id_kecamatan` (`id_kecamatan`);

--
-- Indeks untuk tabel `kriteria`
--
ALTER TABLE `kriteria`
  ADD PRIMARY KEY (`id_kriteria`);

--
-- Indeks untuk tabel `user`
--
ALTER TABLE `user`
  ADD PRIMARY KEY (`id_user`);
COMMIT;

/*!40101 SET CHARACTER_SET_CLIENT=@OLD_CHARACTER_SET_CLIENT */;
/*!40101 SET CHARACTER_SET_RESULTS=@OLD_CHARACTER_SET_RESULTS */;
/*!40101 SET COLLATION_CONNECTION=@OLD_COLLATION_CONNECTION */;
